<?xml version="1.0" encoding="UTF-8"?>
<project-private xmlns="http://www.netbeans.org/ns/project-private/1">
    <editor-bookmarks xmlns="http://www.netbeans.org/ns/editor-bookmarks/2" lastBookmarkId="0"/>
    <open-files xmlns="http://www.netbeans.org/ns/projectui-open-files/2">
        <group>
            <file>file:/C:/Users/Irsyad/OneDrive/Documents/Kuliah/Semester%204/Prak%20PBO/Tugas1_123220176/src/tugas1_123220176/dokterumum.java</file>
            <file>file:/C:/Users/Irsyad/OneDrive/Documents/Kuliah/Semester%204/Prak%20PBO/Tugas1_123220176/src/tugas1_123220176/Tugas1_123220176.java</file>
            <file>file:/C:/Users/Irsyad/OneDrive/Documents/Kuliah/Semester%204/Prak%20PBO/Tugas1_123220176/src/tugas1_123220176/manusia.java</file>
            <file>file:/C:/Users/Irsyad/OneDrive/Documents/Kuliah/Semester%204/Prak%20PBO/Tugas1_123220176/src/tugas1_123220176/perawat.java</file>
            <file>file:/C:/Users/Irsyad/OneDrive/Documents/Kuliah/Semester%204/Prak%20PBO/Tugas1_123220176/src/tugas1_123220176/keahlian.java</file>
            <file>file:/C:/Users/Irsyad/OneDrive/Documents/Kuliah/Semester%204/Prak%20PBO/Tugas1_123220176/src/tugas1_123220176/Abdul.java</file>
            <file>file:/C:/Users/Irsyad/OneDrive/Documents/Kuliah/Semester%204/Prak%20PBO/Tugas1_123220176/src/tugas1_123220176/suster.java</file>
        </group>
    </open-files>
</project-private>
